{
	"version": "1.0.0",
	"file_dst": "output",
	"make_folder_interval": 30,
	"rec_sec": 60,
    "codec" : 1,
    "udp_muxer_port" : 5006,
    "udp_sender_port" : 5016,
	"channels": [
		{
			"ip": "228.67.45.91",
			"port": 19262,
			"fps": 59.94
		},
		{
			"ip": "228.67.45.92",
			"port": 19263,
			"fps": 59.94
		},
		{
			"ip": "228.67.45.93",
			"port": 19264,
			"fps": 59.94
		},
		{
			"ip": "228.67.45.94",
			"port": 19265,
			"fps": 59.94
		},
		{
			"ip": "228.67.45.95",
			"port": 19266,
			"fps": 4
		},
		{
			"ip": "228.67.45.96",
			"port": 19267,
			"fps": 4
		}
	],
	"output_channels": [
		{
			"ip": "228.67.45.91",
			"port": 19262,
			"fps": 29.97
		},
		{
			"ip": "228.67.45.92",
			"port": 19263,
			"fps": 29.97
		},
		{
			"ip": "228.67.45.93",
			"port": 19264,
			"fps": 29.97
		},
		{
			"ip": "228.67.45.94",
			"port": 19265,
			"fps": 29.97
		},
		{
			"ip": "228.67.45.95",
			"port": 19266,
			"fps": 4
		},
		{
			"ip": "228.67.43.95",
			"port": 19267,
			"fps": 4
		}
	]
}
